{
    "activation": "ReLU",
    "aggregation": "mean",
    "aggregation_norm": 100,
    "atom_descriptors": null,
    "atom_descriptors_path": null,
    "atom_descriptors_size": 0,
    "atom_features_size": 0,
    "atom_messages": false,
    "batch_size": 50,
    "bias": false,
    "cache_cutoff": 10000,
    "checkpoint_dir": null,
    "checkpoint_path": null,
    "checkpoint_paths": null,
    "class_balance": false,
    "config_path": null,
    "crossval_index_dir": null,
    "crossval_index_file": null,
    "crossval_index_sets": null,
    "cuda": true,
    "data_path": "data/hiv.csv",
    "dataset_type": "classification",
    "depth": 3,
    "device": {
        "_type": "python_object (type = device)",
        "_value": "gANjdG9yY2gKZGV2aWNlCnEAWAQAAABjdWRhcQGFcQJScQMu"
    },
    "dropout": 0.0,
    "ensemble_size": 1,
    "epochs": 30,
    "extra_metrics": [],
    "features_generator": null,
    "features_only": false,
    "features_path": null,
    "features_scaling": true,
    "features_size": null,
    "ffn_hidden_size": 300,
    "ffn_num_layers": 2,
    "final_lr": 0.0001,
    "folds_file": null,
    "gpu": null,
    "grad_clip": null,
    "hidden_size": 300,
    "ignore_columns": null,
    "init_lr": 0.0001,
    "log_frequency": 10,
    "max_data_size": null,
    "max_lr": 0.001,
    "metric": "auc",
    "metrics": [
        "auc"
    ],
    "minimize_score": false,
    "mpn_shared": false,
    "multiclass_num_classes": 3,
    "no_cache_mol": false,
    "no_cuda": false,
    "no_features_scaling": false,
    "num_folds": 1,
    "num_lrs": 1,
    "num_tasks": 1,
    "num_workers": 8,
    "number_of_molecules": 1,
    "pytorch_seed": 0,
    "quiet": false,
    "reproducibility": {
        "command_line": "python /home/yangk/miniconda3/envs/bbp_chemprop/bin/chemprop_train --data_path data/hiv.csv --dataset_type classification --save_dir /home/yangk/518_hiv",
        "git_has_uncommitted_changes": false,
        "git_root": "/home/yangk/blackbox-planning/chemprop",
        "git_url": "https://github.com/chemprop/chemprop/tree/736530ac2ca42069088069f38571dc7a23e7e1d9",
        "time": "Tue May 18 23:04:21 2021"
    },
    "save_dir": "/home/yangk/518_hiv",
    "save_preds": false,
    "save_smiles_splits": false,
    "seed": 0,
    "separate_test_features_path": null,
    "separate_test_path": null,
    "separate_val_features_path": null,
    "separate_val_path": null,
    "show_individual_scores": false,
    "smiles_columns": [
        null
    ],
    "split_sizes": {
        "_type": "tuple",
        "_value": [
            0.8,
            0.1,
            0.1
        ]
    },
    "split_type": "random",
    "target_columns": null,
    "task_names": [
        "HIV_active"
    ],
    "test": false,
    "test_fold_index": null,
    "train_data_size": null,
    "undirected": false,
    "use_input_features": false,
    "val_fold_index": null,
    "warmup_epochs": 2.0
}